City_ID,City,Country,Date,Lat,Lng,Max Temp,Humidity,Cloudiness,Wind Speed
0,Ponta Do Sol,PT,2022-08-11 04:53:54,32.6667,-17.1,69.71,89,19,3.4
1,Bluff,NZ,2022-08-11 04:53:54,-46.6,168.3333,44.8,61,12,9.04
2,Brae,GB,2022-08-11 04:53:55,60.3964,-1.353,54.18,94,100,10.25
3,Sao Borja,BR,2022-08-11 04:53:55,-28.6606,-56.0044,42.94,90,5,6.15
4,Tutoia,BR,2022-08-11 04:53:55,-2.7619,-42.2744,76.8,84,79,9.13
5,Saint-Philippe,RE,2022-08-11 04:53:56,-21.3585,55.7679,69.39,81,79,18.5
6,Sinnamary,GF,2022-08-11 04:53:56,5.3833,-52.95,77.18,87,40,7.56
7,Saint George,US,2022-08-11 04:53:56,37.1041,-113.5841,84.79,49,0,6.91
8,Chuy,UY,2022-08-11 04:51:11,-33.6971,-53.4616,48.36,90,97,3.83
9,Lompoc,US,2022-08-11 04:53:57,34.6391,-120.4579,64.78,90,100,8.05
10,Kiruna,SE,2022-08-11 04:53:57,67.8557,20.2251,54.52,62,20,18.41
11,Salinas,US,2022-08-11 04:53:57,36.6777,-121.6555,66.81,80,0,5.75
12,Provideniya,RU,2022-08-11 04:53:58,64.3833,-173.3,51.91,93,20,8.95
13,Torbay,CA,2022-08-11 04:53:58,47.6666,-52.7314,57.38,89,100,9.22
14,Camacha,PT,2022-08-11 04:53:58,33.0833,-16.3333,65.62,83,40,6.91
15,Evensk,RU,2022-08-11 04:53:59,61.95,159.2333,53.98,93,100,1.39
16,Andenes,NO,2022-08-11 04:53:59,69.3143,16.1194,53.92,93,75,21.85
17,Port Alfred,ZA,2022-08-11 04:53:59,-33.5906,26.891,57.72,84,70,2.55
18,Hovd,MN,2022-08-11 04:54:00,48.0056,91.6419,73.44,36,57,10.33
19,Ilulissat,GL,2022-08-11 04:53:11,69.2167,-51.1,37.22,97,100,5.84
20,Cape Town,ZA,2022-08-11 04:54:00,-33.9258,18.4232,55.11,92,40,5.75
21,Georgetown,MY,2022-08-11 04:50:05,5.4112,100.3354,89.55,70,20,8.05
22,Hualmay,PE,2022-08-11 04:54:01,-11.0964,-77.6139,60.73,85,64,6.82
23,Mataura,NZ,2022-08-11 04:54:01,-46.1927,168.8643,44.47,71,31,4.12
24,Ushuaia,AR,2022-08-11 04:54:01,-54.8,-68.3,33.46,100,100,1.14
25,Albany,US,2022-08-11 04:54:02,42.6001,-73.9662,64.87,91,9,3.47
26,Sarkand,KZ,2022-08-11 04:54:02,45.41,79.9186,81.1,32,15,6.55
27,Alofi,NU,2022-08-11 04:54:02,-19.0595,-169.9187,78.69,73,11,9.22
28,Airai,TL,2022-08-11 04:54:03,-8.9266,125.4092,69.17,68,62,3.13
29,Bathsheba,BB,2022-08-11 04:54:03,13.2167,-59.5167,83.01,83,75,9.22
30,Castro,BR,2022-08-11 04:50:35,-24.7911,-50.0119,42.93,98,72,4.32
31,Kaitangata,NZ,2022-08-11 04:54:03,-46.2817,169.8464,42.28,68,19,6.55
32,Kousseri,CM,2022-08-11 04:54:04,12.0769,15.0306,75.83,84,100,9.93
33,Sao Filipe,CV,2022-08-11 04:54:04,14.8961,-24.4956,77.09,87,72,8.95
34,Cidreira,BR,2022-08-11 04:54:05,-30.1811,-50.2056,58.17,80,82,2.1
35,Barrow,US,2022-08-11 04:54:05,71.2906,-156.7887,44.62,93,100,18.41
36,Sorong,ID,2022-08-11 04:54:05,-0.8833,131.25,82.56,72,14,6.08
37,Tessalit,ML,2022-08-11 04:54:06,20.1986,1.0114,88.25,38,58,7.14
38,Rikitea,PF,2022-08-11 04:54:06,-23.1203,-134.9692,73.18,72,100,21.65
39,Kaltasy,RU,2022-08-11 04:54:07,55.9693,54.8032,66.52,71,87,11.59
40,Sao Joaquim,BR,2022-08-11 04:54:07,-28.2939,-49.9317,41.04,96,90,3.67
41,Tautira,PF,2022-08-11 04:54:07,-17.7333,-149.15,77.49,74,33,16.11
42,Revelstoke,CA,2022-08-11 04:54:08,50.9832,-118.2023,66.22,88,75,0.0
43,General Roca,AR,2022-08-11 04:54:08,-39.0333,-67.5833,47.25,59,0,10.02
44,San Cristobal,VE,2022-08-11 04:50:19,7.7669,-72.225,71.78,92,100,3.04
45,Ambilobe,MG,2022-08-11 04:54:09,-13.2,49.05,76.32,43,5,8.59
46,Buritizeiro,BR,2022-08-11 04:55:09,-17.3511,-44.9622,65.43,40,80,9.98
47,Hermanus,ZA,2022-08-11 04:54:14,-34.4187,19.2345,48.79,89,98,6.6
48,Atuona,PF,2022-08-11 04:55:10,-9.8,-139.0333,77.14,75,4,23.76
49,Comodoro Rivadavia,AR,2022-08-11 04:55:10,-45.8667,-67.5,48.06,61,0,3.44
50,Namibe,AO,2022-08-11 04:55:10,-15.1961,12.1522,59.99,89,3,2.75
51,Tacoronte,ES,2022-08-11 04:55:11,28.4769,-16.4102,64.17,91,100,17.27
52,Punta Arenas,CL,2022-08-11 04:55:11,-53.15,-70.9167,32.11,93,0,5.75
53,Busselton,AU,2022-08-11 04:55:11,-33.65,115.3333,58.53,65,59,3.36
54,Kodino,RU,2022-08-11 04:55:12,63.7198,39.6447,61.95,64,99,9.04
55,Thompson,CA,2022-08-11 04:51:56,55.7435,-97.8558,51.96,87,0,0.0
56,Ribeira Grande,PT,2022-08-11 04:55:12,38.5167,-28.7,72.07,73,24,6.04
57,Hithadhoo,MV,2022-08-11 04:55:12,-0.6,73.0833,82.42,73,5,12.37
58,Askarovo,RU,2022-08-11 04:55:13,53.3372,58.5089,72.55,53,62,2.24
59,Naze,JP,2022-08-11 04:55:13,28.3667,129.4833,86.92,74,100,2.19
60,Faanui,PF,2022-08-11 04:55:14,-16.4833,-151.75,78.17,71,10,8.41
61,Severo-Kurilsk,RU,2022-08-11 04:55:14,50.6789,156.125,60.98,79,13,6.46
62,Saskylakh,RU,2022-08-11 04:55:14,71.9167,114.0833,50.56,66,100,15.21
63,Hilo,US,2022-08-11 04:55:15,19.7297,-155.09,83.28,94,44,1.99
64,San Patricio,US,2022-08-11 04:55:15,28.017,-97.5169,85.89,71,21,10.56
65,Jamestown,US,2022-08-11 04:53:36,42.097,-79.2353,62.71,69,0,1.01
66,Port-Gentil,GA,2022-08-11 04:55:15,-0.7193,8.7815,74.55,86,100,11.7
67,Ginir,ET,2022-08-11 04:55:16,7.1333,40.7,59.29,77,91,11.86
68,Semey,KZ,2022-08-11 04:55:16,50.4111,80.2275,73.62,64,20,4.47
69,Aden,YE,2022-08-11 04:55:16,12.7794,45.0367,83.12,77,93,17.16
70,Geraldton,AU,2022-08-11 04:55:17,-28.7667,114.6,64.81,52,0,13.8
71,Cayenne,GF,2022-08-11 04:51:42,4.9333,-52.3333,79.09,1,25,0.0
72,Tiksi,RU,2022-08-11 04:55:17,71.6872,128.8694,52.3,65,100,1.92
73,Talnakh,RU,2022-08-11 04:55:18,69.4865,88.3972,52.21,53,68,9.28
74,Khatanga,RU,2022-08-11 04:55:18,71.9667,102.5,46.38,60,100,14.27
75,Peniche,PT,2022-08-11 04:55:18,39.3558,-9.3811,62.46,95,36,7.63
76,Cherskiy,RU,2022-08-11 04:55:19,68.75,161.3,70.21,51,32,4.68
77,Uvira,CD,2022-08-11 04:55:19,-3.4067,29.1458,74.68,61,72,0.78
78,Bambous Virieux,MU,2022-08-11 04:55:19,-20.3428,57.7575,71.22,64,75,12.66
79,Deputatskiy,RU,2022-08-11 04:55:20,69.3,139.9,66.51,48,100,6.02
80,Qaanaaq,GL,2022-08-11 04:55:20,77.484,-69.3632,32.27,70,59,6.46
81,East London,ZA,2022-08-11 04:55:20,-33.0153,27.9116,50.94,93,20,1.14
82,Grindavik,IS,2022-08-11 04:55:21,63.8424,-22.4338,48.67,93,100,9.22
83,Vaini,TO,2022-08-11 04:55:21,-21.2,-175.2,78.96,94,75,14.97
84,Griffith,US,2022-08-11 04:55:21,41.5284,-87.4237,75.06,89,0,0.0
85,Lebu,CL,2022-08-11 04:55:21,-37.6167,-73.65,45.14,87,2,4.65
86,Imbituba,BR,2022-08-11 04:55:22,-28.24,-48.6703,56.86,99,80,11.99
87,Mahebourg,MU,2022-08-11 04:55:10,-20.4081,57.7,71.26,64,75,12.66
88,Chokurdakh,RU,2022-08-11 04:50:27,70.6333,147.9167,68.7,48,100,15.21
89,Ravar,IR,2022-08-11 04:55:22,31.2656,56.8055,86.36,20,0,5.08
90,Bredasdorp,ZA,2022-08-11 04:56:23,-34.5322,20.0403,50.49,94,100,4.07
91,Mount Gambier,AU,2022-08-11 04:56:23,-37.8333,140.7667,57.56,62,65,9.86
92,Bardiyah,LY,2022-08-11 04:56:23,31.7561,25.0865,77.4,73,0,10.45
93,Nouadhibou,MR,2022-08-11 04:55:16,20.931,-17.0347,71.58,83,62,18.41
94,Slave Lake,CA,2022-08-11 04:56:24,55.2834,-114.769,71.58,68,0,9.22
95,Uyuni,BO,2022-08-11 04:56:24,-20.4597,-66.825,32.25,24,0,2.66
96,Bengkulu,ID,2022-08-11 04:56:24,-3.8004,102.2655,83.82,68,46,6.73
97,Zhigansk,RU,2022-08-11 04:51:40,66.7697,123.3711,66.29,59,68,18.45
98,Honiara,SB,2022-08-11 04:54:18,-9.4333,159.95,83.25,76,62,4.54
99,At-Bashi,KG,2022-08-11 04:56:25,41.1702,75.8106,71.38,36,14,3.04
100,Muncar,ID,2022-08-11 04:56:25,-8.4333,114.3333,84.36,68,59,7.9
101,South River,US,2022-08-11 04:56:26,40.4465,-74.386,78.91,85,84,2.98
102,Mar Del Plata,AR,2022-08-11 04:56:26,-38.0023,-57.5575,46.09,91,0,11.01
103,Mortka,RU,2022-08-11 04:56:26,59.3322,66.0214,71.33,49,49,8.61
104,Ust-Maya,RU,2022-08-11 04:56:27,60.4167,134.5333,62.46,73,100,3.67
105,Danville,US,2022-08-11 04:51:41,36.586,-79.395,73.87,92,0,3.44
106,Handan,CN,2022-08-11 04:56:27,36.6006,114.4678,83.14,79,96,5.5
107,Souillac,MU,2022-08-11 04:56:27,-20.5167,57.5167,70.18,64,75,12.66
108,Richards Bay,ZA,2022-08-11 04:56:28,-28.783,32.0377,62.13,85,40,2.77
109,Ekhabi,RU,2022-08-11 04:56:28,53.5102,142.9671,64.13,79,100,10.02
110,San Angelo,US,2022-08-11 04:53:55,31.4638,-100.437,78.55,78,92,3.71
111,Voyvozh,RU,2022-08-11 04:56:28,62.892,54.9635,55.53,90,100,9.08
112,Boa Vista,BR,2022-08-11 04:52:20,2.8197,-60.6733,82.38,74,0,2.3
113,Barcelos,PT,2022-08-11 04:56:29,41.5388,-8.6151,69.85,98,10,1.97
114,Bridlington,GB,2022-08-11 04:56:29,54.0831,-0.1919,58.51,82,6,4.74
115,Samagaltay,RU,2022-08-11 04:56:29,50.6022,95.0047,67.46,44,100,15.99
116,Aasiaat,GL,2022-08-11 04:56:30,68.7098,-52.8699,37.4,94,100,6.82
117,Montijo,PT,2022-08-11 04:56:30,38.7067,-8.9739,68.0,90,40,0.0
118,Srednekolymsk,RU,2022-08-11 04:56:30,67.45,153.6833,79.29,42,100,0.87
119,Urgut,UZ,2022-08-11 04:56:31,39.4022,67.2431,76.62,25,1,7.49
120,Hobart,AU,2022-08-11 04:55:26,-42.8794,147.3294,55.26,69,0,5.75
121,Sitka,US,2022-08-11 04:56:31,57.0531,-135.33,57.16,95,89,3.71
122,Iqaluit,CA,2022-08-11 04:56:32,63.7506,-68.5145,44.33,81,20,8.99
123,Jos,NG,2022-08-11 04:56:32,9.9167,8.9,65.5,97,100,5.01
124,Plettenberg Bay,ZA,2022-08-11 04:56:32,-34.0527,23.3716,54.63,89,100,4.03
125,Zavallya,UA,2022-08-11 04:56:32,48.2135,30.0156,63.41,84,47,13.44
126,Novokruchininskiy,RU,2022-08-11 04:56:33,51.7833,113.7667,64.13,52,99,4.07
127,Vardo,NO,2022-08-11 04:56:33,70.3705,31.1107,57.18,94,100,9.22
128,Biu,NG,2022-08-11 04:56:33,10.6129,12.1946,67.64,93,100,5.3
129,Butaritari,KI,2022-08-11 04:56:34,3.0707,172.7902,81.84,74,15,15.1
130,Beringovskiy,RU,2022-08-11 04:56:34,63.05,179.3167,62.74,68,50,7.18
131,Kununurra,AU,2022-08-11 04:56:34,-15.7667,128.7333,85.98,21,1,11.5
132,Qaqortoq,GL,2022-08-11 04:56:35,60.7167,-46.0333,45.45,89,100,6.42
133,Sulangan,PH,2022-08-11 04:56:35,11.1373,123.7228,83.68,69,17,3.67
134,Tasiilaq,GL,2022-08-11 04:56:35,65.6145,-37.6368,32.47,76,79,2.68
135,Mirnyy,RU,2022-08-11 04:57:36,62.5353,113.9611,73.24,43,60,11.01
136,Kapaa,US,2022-08-11 04:57:36,22.0752,-159.319,79.12,81,100,1.99
137,Sterling,US,2022-08-11 04:57:37,39.0062,-77.4286,72.97,97,100,5.99
138,Galbshtadt,RU,2022-08-11 04:57:37,53.2264,78.9845,75.36,50,100,8.25
139,Margate,GB,2022-08-11 04:56:33,51.3813,1.3862,66.9,97,0,3.0
140,Bandarbeyla,SO,2022-08-11 04:57:37,9.4942,50.8122,81.3,63,100,32.39
141,Vung Tau,VN,2022-08-11 04:55:57,10.346,107.0843,81.7,77,100,15.35
142,Tall Kayf,TR,2022-08-11 04:57:38,37.0833,41.0667,72.79,53,0,4.61
143,Agadez,NE,2022-08-11 04:57:38,19.75,10.25,86.27,17,79,4.61
144,Nikolskoye,RU,2022-08-11 04:57:39,59.7035,30.7861,63.88,63,94,7.14
145,La Ronge,CA,2022-08-11 04:57:39,55.1001,-105.2842,64.62,72,0,4.61
146,Norman Wells,CA,2022-08-11 04:57:39,65.282,-126.8329,57.24,51,20,4.61
147,Komsomolskiy,UZ,2022-08-11 04:57:40,40.4272,71.7189,83.12,26,5,6.91
148,Mareeba,AU,2022-08-11 04:57:40,-17.0,145.4333,75.92,58,4,8.86
149,Okha,RU,2022-08-11 04:57:40,53.5739,142.9478,62.37,82,100,8.63
150,Mao,ES,2022-08-11 04:57:41,39.8885,4.2658,77.56,78,0,2.3
151,Amapa,BR,2022-08-11 04:57:41,1.0,-52.0,70.3,99,56,2.15
152,Hirara,JP,2022-08-11 04:57:41,24.8,125.2833,89.87,70,40,3.44
153,Jiaohe,CN,2022-08-11 04:57:42,43.7286,127.3447,72.52,80,93,7.0
154,Dikson,RU,2022-08-11 04:57:42,73.5069,80.5464,42.22,89,100,13.67
155,Xuddur,SO,2022-08-11 04:57:42,4.1213,43.8894,72.93,69,77,21.21
156,Izumo,JP,2022-08-11 04:57:43,35.3667,132.7667,91.35,62,75,8.05
157,Gizo,SB,2022-08-11 04:57:43,-8.103,156.8419,82.69,71,83,2.1
158,Leningradskiy,RU,2022-08-11 04:57:43,69.3833,178.4167,49.55,76,53,6.67
159,Awjilah,LY,2022-08-11 04:57:44,29.1081,21.2869,77.63,33,0,6.64
160,Rawson,AR,2022-08-11 04:57:44,-43.3002,-65.1023,47.17,61,26,9.37
161,Kavieng,PG,2022-08-11 04:57:44,-2.5744,150.7967,82.89,75,64,8.08
162,Rio Gallegos,AR,2022-08-11 04:57:45,-51.6226,-69.2181,37.45,87,0,10.36
163,Sakakah,SA,2022-08-11 04:57:45,29.9697,40.2064,89.17,26,0,10.69
164,Firozpur,IN,2022-08-11 04:57:45,30.9167,74.6,85.42,75,82,13.71
165,Carauari,BR,2022-08-11 04:57:46,-4.8828,-66.8958,70.43,95,18,2.04
166,Carnarvon,AU,2022-08-11 04:57:46,-24.8667,113.6333,69.8,27,0,13.67
167,Severo-Yeniseyskiy,RU,2022-08-11 04:57:46,60.3725,93.0408,63.43,50,23,8.93
168,Port Hardy,CA,2022-08-11 04:57:46,50.6996,-127.4199,57.38,100,75,0.0
169,Puerto Ayora,EC,2022-08-11 04:54:46,-0.7393,-90.3518,69.55,93,95,5.01
170,Waingapu,ID,2022-08-11 04:57:47,-9.6567,120.2641,84.2,66,66,12.21
171,Cabadiangan,PH,2022-08-11 04:57:47,9.7531,122.4739,86.32,68,49,6.04
172,Russell,US,2022-08-11 04:57:48,32.3502,-85.1999,74.48,94,98,2.19
173,Kiama,AU,2022-08-11 04:57:48,-34.6833,150.8667,65.37,66,100,8.99
174,Port Elizabeth,ZA,2022-08-11 04:57:48,-33.918,25.5701,50.29,93,0,2.3
175,Pevek,RU,2022-08-11 04:57:49,69.7008,170.3133,42.8,93,18,4.81
176,Tuatapere,NZ,2022-08-11 04:57:49,-46.1333,167.6833,43.93,71,20,3.65
177,Caravelas,BR,2022-08-11 04:57:49,-17.7125,-39.2481,70.21,78,21,12.26
178,Miles City,US,2022-08-11 04:57:49,46.4083,-105.8406,84.92,34,57,17.9
179,Avarua,CK,2022-08-11 04:55:23,-21.2078,-159.775,73.45,78,75,11.5
180,Otautau,NZ,2022-08-11 04:58:50,-46.15,168.0,44.44,73,20,2.44
181,Yerbogachen,RU,2022-08-11 04:58:50,61.2767,108.0108,70.83,52,12,7.92
182,Jha Jha,IN,2022-08-11 04:58:51,24.7667,86.3667,86.14,68,93,23.11
183,Rocha,UY,2022-08-11 04:58:51,-34.4833,-54.3333,43.21,91,93,3.8
184,Newport,GB,2022-08-11 04:58:51,51.5877,-2.9984,66.74,66,0,7.76
185,Marawi,PH,2022-08-11 04:58:51,7.9986,124.2928,79.57,70,67,4.65
186,Nioro,GM,2022-08-11 04:58:52,13.35,-15.75,76.71,91,100,5.46
187,Ruthen,DE,2022-08-11 04:58:52,51.4909,8.436,60.85,51,0,5.75
188,Santa Vitoria Do Palmar,BR,2022-08-11 04:58:52,-33.5189,-53.3681,49.06,92,95,4.36
189,Quelimane,MZ,2022-08-11 04:58:53,-17.8786,36.8883,62.55,94,1,0.0
190,Edelira,PY,2022-08-11 04:58:53,-26.75,-55.2667,46.22,98,41,1.34
191,Nome,US,2022-08-11 04:58:54,64.5011,-165.4064,50.16,93,97,4.65
192,Kavaratti,IN,2022-08-11 04:58:54,10.5669,72.642,81.3,84,83,19.51
193,Lodja,CD,2022-08-11 04:58:54,-3.4833,23.4333,76.41,34,85,1.36
194,Cabo San Lucas,MX,2022-08-11 04:58:55,22.8909,-109.9124,84.61,80,92,9.13
195,Vrede,ZA,2022-08-11 04:58:55,-27.4257,29.1659,44.8,45,1,1.48
196,Prainha,BR,2022-08-11 04:58:55,-1.8,-53.48,74.32,67,83,2.06
197,Kirakira,SB,2022-08-11 04:58:56,-10.4544,161.9205,81.39,84,45,8.1
198,Nautla,MX,2022-08-11 04:58:56,20.2167,-96.7833,78.4,81,56,5.08
199,Auki,SB,2022-08-11 04:58:56,-8.7676,160.7034,82.17,76,28,1.9
200,Omaruru,NA,2022-08-11 04:58:56,-21.4333,15.9333,57.34,24,0,3.62
201,New Norfolk,AU,2022-08-11 04:58:57,-42.7826,147.0587,54.91,73,99,3.4
202,Yellowknife,CA,2022-08-11 04:58:57,62.456,-114.3525,55.92,67,75,12.66
203,Salta,AR,2022-08-11 04:58:57,-24.7859,-65.4117,40.57,83,0,4.61
204,Puerto Escondido,MX,2022-08-11 04:56:51,15.85,-97.0667,76.55,94,100,6.98
205,Pangnirtung,CA,2022-08-11 04:58:58,66.1451,-65.7125,42.51,90,57,0.22
206,Poum,NC,2022-08-11 04:58:58,-20.2333,164.0167,71.31,58,1,23.2
207,Waipawa,NZ,2022-08-11 04:58:58,-41.4122,175.5153,42.15,78,81,7.18
208,Gat,IL,2022-08-11 04:58:59,31.61,34.7642,79.48,100,4,2.13
209,Khowst,AF,2022-08-11 04:58:59,33.3833,69.8833,85.35,49,1,5.73
210,Vila Velha,BR,2022-08-11 04:56:45,-20.3297,-40.2925,73.94,82,0,8.05
211,Bingol,TR,2022-08-11 04:59:00,38.8847,40.4939,80.96,24,0,3.33
212,Kondoa,TZ,2022-08-11 04:59:00,-4.9,35.7833,59.63,76,59,7.87
213,Lagoa,PT,2022-08-11 04:59:00,39.05,-27.9833,70.41,74,6,5.19
214,Zima,RU,2022-08-11 04:59:01,53.9202,102.0442,65.98,76,86,5.88
215,Constitucion,CL,2022-08-11 04:59:01,-35.3333,-72.4167,46.96,84,0,6.89
216,Monroe,US,2022-08-11 04:59:01,43.1501,-77.6831,65.95,88,35,7.78
217,Atherton,GB,2022-08-11 04:59:02,53.5237,-2.4935,62.29,85,8,2.64
218,Olinda,BR,2022-08-11 04:59:02,-8.0089,-34.8553,74.93,83,75,4.61
219,Khandyga,RU,2022-08-11 04:59:03,62.6667,135.6,62.82,78,100,3.09
220,Manggar,ID,2022-08-11 04:59:03,-2.8833,108.2667,86.02,68,59,12.55
221,Dunedin,NZ,2022-08-11 04:59:03,-45.8742,170.5036,44.8,67,55,5.99
222,Anchorage,US,2022-08-11 04:55:53,61.2181,-149.9003,68.32,64,40,0.0
223,Tuktoyaktuk,CA,2022-08-11 04:56:34,69.4541,-133.0374,50.0,87,100,16.11
224,Quatre Cocos,MU,2022-08-11 05:00:04,-20.2078,57.7625,71.1,69,91,21.36
225,Cobija,BO,2022-08-11 05:00:07,-11.0267,-68.7692,62.8,74,8,3.0
226,Bethanien,NA,2022-08-11 05:00:07,-26.502,17.1583,52.83,27,1,4.88
227,Solnechnyy,RU,2022-08-11 05:00:08,50.7214,136.6319,64.33,80,78,2.55
228,Mnogovershinnyy,RU,2022-08-11 05:00:08,53.9353,139.9242,57.47,89,100,2.64
229,Karratha,AU,2022-08-11 04:55:48,-20.7377,116.8463,77.09,17,0,18.97
230,Tambo,PE,2022-08-11 05:00:09,-14.8,-73.9167,35.85,59,8,2.21
231,Tanda,IN,2022-08-11 05:00:09,26.55,82.65,91.4,51,95,22.03
232,Ostersund,SE,2022-08-11 05:00:11,63.1792,14.6357,57.61,100,100,12.66
233,Port Lincoln,AU,2022-08-11 05:00:12,-34.7333,135.8667,54.86,82,79,30.18
234,Bowen,AU,2022-08-11 05:00:12,-20.0167,148.2333,70.88,65,55,16.82
235,Clyde River,CA,2022-08-11 05:00:13,70.4692,-68.5914,34.03,100,100,6.91
236,Wabrzezno,PL,2022-08-11 05:00:13,53.2799,18.9477,55.89,74,82,4.94
237,Ouadda,CF,2022-08-11 05:00:14,8.0777,22.4007,67.75,99,100,3.74
238,Esperance,AU,2022-08-11 05:00:15,-33.8667,121.9,58.15,65,86,15.01
239,Tyukhtet,RU,2022-08-11 05:00:15,56.5389,89.3011,77.04,55,9,3.38
240,Ilam,NP,2022-08-11 05:00:16,26.9167,87.9167,78.08,75,22,6.93
241,Filadelfia,US,2022-08-11 04:55:54,39.9523,-75.1638,80.02,83,96,6.38
242,Staryy Oskol,RU,2022-08-11 04:58:48,51.2967,37.8417,70.56,70,100,12.55
243,Victoria,HK,2022-08-11 04:55:33,22.2855,114.1577,81.97,90,92,10.0
244,Hofn,IS,2022-08-11 05:00:17,64.2539,-15.2082,48.38,87,99,11.5
245,Yar-Sale,RU,2022-08-11 05:00:17,66.8333,70.8333,60.17,49,58,10.96
246,Muzhi,RU,2022-08-11 05:00:18,65.3667,64.6667,51.87,87,100,3.15
247,Selestat,FR,2022-08-11 05:00:18,48.2598,7.4565,61.14,59,0,3.44
248,Bethel,US,2022-08-11 05:00:19,41.3712,-73.414,73.76,75,3,3.76
249,The Valley,AI,2022-08-11 04:59:10,18.217,-63.0578,82.26,76,16,18.07
250,Takoradi,GH,2022-08-11 05:00:19,4.8845,-1.7554,72.27,95,58,6.78
251,Pisco,PE,2022-08-11 05:00:20,-13.7,-76.2167,58.01,85,7,2.62
252,Vao,NC,2022-08-11 05:00:20,-22.6667,167.4833,68.13,59,0,22.21
253,Kruisfontein,ZA,2022-08-11 05:00:20,-34.0033,24.7314,51.15,91,97,2.42
254,Tezu,IN,2022-08-11 05:00:21,27.9167,96.1667,92.28,60,52,3.65
255,Sur,OM,2022-08-11 05:00:21,22.5667,59.5289,92.91,51,100,13.51
256,Letka,RU,2022-08-11 05:00:22,59.6011,49.4232,61.52,66,11,7.02
257,Meulaboh,ID,2022-08-11 05:00:22,4.1363,96.1285,83.55,66,100,3.13
258,Pirai Do Sul,BR,2022-08-11 05:00:23,-24.5261,-49.9486,44.04,97,84,3.8
259,Dauphin,CA,2022-08-11 05:00:23,51.1494,-100.0502,56.1,78,99,4.07
260,Asau,RO,2022-08-11 05:00:23,46.4333,26.4,60.28,74,20,5.61
261,Nueva Guinea,NI,2022-08-11 05:00:24,11.6876,-84.4562,72.54,97,99,3.71
262,Zyryanka,RU,2022-08-11 05:00:24,65.75,150.85,79.21,32,100,12.86
263,Yabrud,SY,2022-08-11 05:00:24,33.9674,36.6574,69.53,38,0,2.91
264,Roald,NO,2022-08-11 05:00:25,62.5833,6.1333,64.17,100,75,17.27
265,Hami,CN,2022-08-11 05:00:25,42.8,93.45,100.69,12,97,8.63
266,Mataram,ID,2022-08-11 05:00:25,-8.5833,116.1167,90.41,70,64,1.3
267,Filingue,NE,2022-08-11 05:00:26,14.3521,3.3168,83.77,63,26,12.64
268,Mastic Beach,US,2022-08-11 05:00:26,40.7668,-72.8521,76.28,93,100,8.99
269,Batemans Bay,AU,2022-08-11 05:00:24,-35.7167,150.1833,62.8,51,100,4.14
270,Sabya,SA,2022-08-11 05:01:27,17.1495,42.6254,90.03,66,82,3.02
271,Waterloo,CA,2022-08-11 04:59:11,43.4668,-80.5164,65.73,82,100,2.3
272,Hong Gai,VN,2022-08-11 05:01:27,20.956,107.0946,84.11,90,100,5.99
273,Ostrovnoy,RU,2022-08-11 04:56:39,68.0531,39.5131,58.73,87,100,29.3
274,Juba,SS,2022-08-11 05:01:27,4.8517,31.5825,71.74,92,100,1.23
275,Berlevag,NO,2022-08-11 05:01:28,70.8578,29.0864,57.2,88,100,2.3
276,Atar,MR,2022-08-11 05:01:28,20.5169,-13.0499,88.07,18,100,10.42
277,Nanortalik,GL,2022-08-11 05:01:28,60.1432,-45.2371,44.15,99,100,2.84
278,Palmer,US,2022-08-11 05:00:05,42.1584,-72.3287,71.15,78,11,1.92
279,Upernavik,GL,2022-08-11 05:01:29,72.7868,-56.1549,40.6,87,100,3.42
280,Port Hedland,AU,2022-08-11 05:01:29,-20.3167,118.5667,80.65,26,2,14.97
281,Gardez,AF,2022-08-11 05:01:30,33.5974,69.2259,76.12,41,10,1.01
282,Trinidad,BO,2022-08-11 05:01:30,-14.8333,-64.9,57.65,58,0,4.32
283,Tilichiki,RU,2022-08-11 05:01:30,60.4667,166.1,51.73,97,100,9.06
284,Tshikapa,CD,2022-08-11 05:01:31,-6.4167,20.8,69.01,28,1,3.65
285,Virginia Beach,US,2022-08-11 04:58:51,36.8529,-75.978,78.03,64,35,6.33
286,Ushtobe,KZ,2022-08-11 05:01:31,45.2514,77.9838,84.58,29,1,8.21
287,Albina,SR,2022-08-11 05:01:32,5.5,-54.05,73.99,96,70,2.24
288,Vanimo,PG,2022-08-11 05:01:32,-2.6741,141.3028,84.31,69,51,6.78
289,Kodiak,US,2022-08-11 05:01:32,57.79,-152.4072,54.91,94,100,4.61
290,Zeya,RU,2022-08-11 04:56:40,53.75,127.2667,62.71,86,100,2.15
291,Abalak,RU,2022-08-11 05:01:33,58.1286,68.5944,71.83,43,48,5.68
292,Laukaa,RU,2022-08-11 05:01:33,58.7372,29.8453,60.89,62,39,4.94
293,Klaksvik,FO,2022-08-11 05:01:33,62.2266,-6.589,50.92,84,77,14.12
294,Portland,US,2022-08-11 05:00:04,45.5234,-122.6762,69.62,76,28,4.0
295,Sarh,TD,2022-08-11 05:01:34,9.1429,18.3923,71.83,94,100,4.25
296,Jati,PK,2022-08-11 05:01:34,24.3539,68.2671,88.63,70,100,4.81
297,Inhambane,MZ,2022-08-11 05:01:35,-23.865,35.3833,68.34,82,0,4.07
298,Shumikha,RU,2022-08-11 05:01:35,55.2261,63.2961,74.75,60,62,3.11
299,Mokrousovo,RU,2022-08-11 05:01:35,55.8103,66.7653,75.65,60,9,2.71
300,Mugumu,TZ,2022-08-11 05:01:36,-1.85,34.7,63.66,64,80,7.36
301,Salalah,OM,2022-08-11 04:59:50,17.0151,54.0924,75.85,96,100,9.84
302,Alta Floresta,BR,2022-08-11 05:00:40,-9.8756,-56.0861,68.72,61,32,4.29
303,Ishigaki,JP,2022-08-11 05:01:36,24.3448,124.1572,93.33,62,40,8.05
304,Longyearbyen,SJ,2022-08-11 05:01:37,78.2186,15.6401,48.04,71,75,17.27
305,Rock Springs,US,2022-08-11 04:59:56,41.5875,-109.2029,76.23,34,73,1.01
306,Centralina,BR,2022-08-11 05:01:37,-18.5839,-49.1994,53.89,57,99,4.65
307,Kudahuvadhoo,MV,2022-08-11 05:01:37,2.6708,72.8944,81.68,73,10,2.39
308,Byron Bay,AU,2022-08-11 05:01:38,-28.65,153.6167,64.71,63,64,6.58
309,Aranos,NA,2022-08-11 04:59:37,-24.1333,19.1167,55.09,11,0,6.6
310,Tabory,RU,2022-08-11 05:01:38,58.5198,64.5495,75.61,61,18,6.44
311,Vestmannaeyjar,IS,2022-08-11 05:01:38,63.4427,-20.2734,51.51,77,98,8.77
312,Yamada,JP,2022-08-11 05:01:39,39.4667,141.95,81.52,83,97,5.1
313,Banjar,ID,2022-08-11 05:01:39,-8.19,114.9675,83.62,79,75,0.94
314,Noumea,NC,2022-08-11 05:01:37,-22.2763,166.4572,71.58,55,3,13.87
315,Saint Anthony,US,2022-08-11 05:00:10,45.0205,-93.218,72.81,69,0,0.0
316,Sertaozinho,BR,2022-08-11 04:57:47,-21.1378,-47.9903,51.91,82,0,1.16
317,Sciacca,IT,2022-08-11 05:02:40,37.5082,13.0881,75.04,64,0,3.53
318,Namatanai,PG,2022-08-11 05:02:40,-3.6667,152.4333,82.99,73,98,6.64
319,Flin Flon,CA,2022-08-11 05:02:40,54.7682,-101.865,53.38,81,0,6.08
320,Fortuna,US,2022-08-11 05:02:41,40.5982,-124.1573,63.36,92,100,4.61
321,Ambon,ID,2022-08-11 05:02:41,-3.6954,128.1814,84.34,74,40,4.61
322,Anadyr,RU,2022-08-11 05:02:41,64.75,177.4833,73.9,49,0,2.24
323,Ankang,CN,2022-08-11 05:02:42,32.68,109.0172,100.8,35,44,3.09
324,Waitati,NZ,2022-08-11 05:02:42,-45.75,170.5667,44.8,67,73,3.29
325,Yulara,AU,2022-08-11 05:02:42,-25.2406,130.9889,62.62,25,73,7.85
326,Umm Kaddadah,SD,2022-08-11 05:02:43,13.6017,26.6876,79.61,70,98,10.02
327,Cotusca,RO,2022-08-11 05:02:43,48.1333,26.85,59.59,81,61,9.66
328,Micheweni,TZ,2022-08-11 05:02:43,-4.9667,39.8333,75.4,80,70,10.56
329,Ugoofaaru,MV,2022-08-11 05:02:44,5.6667,73.0,81.95,80,47,11.52
330,Lamas,PE,2022-08-11 05:02:44,-6.4167,-76.5333,63.01,100,86,1.74
331,Ustikolina,BA,2022-08-11 05:02:44,43.5836,18.79,60.37,86,51,1.14
332,Biscarrosse,FR,2022-08-11 05:02:45,44.3945,-1.1672,66.15,48,0,3.44
333,Stara Zagora,BG,2022-08-11 05:02:45,42.4328,25.6419,67.8,64,7,4.52
334,Pitimbu,BR,2022-08-11 05:02:45,-7.4706,-34.8086,72.79,88,51,6.4
335,Ihosy,MG,2022-08-11 05:02:46,-22.4,46.1167,56.57,77,39,9.15
336,Guanica,PR,2022-08-11 05:02:46,17.9716,-66.908,80.98,82,100,7.27
337,Sheltozero,RU,2022-08-11 05:02:46,61.3667,35.3667,61.29,68,100,14.5
338,Fort-Shevchenko,KZ,2022-08-11 05:02:47,44.5086,50.263,86.58,38,0,17.38
339,Ust-Kuyga,RU,2022-08-11 05:02:47,70.0167,135.6,60.85,70,100,11.88
340,Padang,ID,2022-08-11 05:02:47,-0.9492,100.3543,87.85,65,79,6.2
341,San Joaquin,US,2022-08-11 05:02:48,37.9333,-121.3011,72.23,62,0,9.22
342,Maumere,ID,2022-08-11 05:02:48,-8.6199,122.2111,81.81,73,87,2.66
343,Chicama,PE,2022-08-11 05:01:16,-7.8447,-79.1469,62.13,83,87,4.05
344,Narsaq,GL,2022-08-11 05:02:48,60.9167,-46.05,46.62,87,100,6.51
345,Nandi Hills,KE,2022-08-11 05:02:49,0.1066,35.1838,58.96,81,86,3.09
346,Itarema,BR,2022-08-11 05:02:49,-2.9248,-39.9167,75.88,82,86,13.65
347,Cabra,ES,2022-08-11 05:02:49,37.4725,-4.4421,68.67,82,0,2.06
348,Vila,PT,2022-08-11 05:02:50,42.0304,-8.1588,55.71,91,3,2.93
349,Saint-Leu,RE,2022-08-11 05:02:50,-21.15,55.2833,69.67,66,20,8.66
350,Hit,IQ,2022-08-11 05:02:50,33.6416,42.8251,89.74,37,0,20.13
351,Tema,GH,2022-08-11 05:02:51,5.667,-0.0166,73.06,83,100,7.67
352,Vostok,RU,2022-08-11 05:02:51,46.4856,135.8833,70.21,58,57,7.52
353,Loandjili,CG,2022-08-11 05:02:51,-4.7561,11.8578,70.39,89,63,5.35
354,Batagay-Alyta,RU,2022-08-11 05:02:52,67.8006,130.4114,72.7,41,61,5.66
355,Uhlove,UA,2022-08-11 05:02:52,44.8215,33.6045,76.01,65,68,8.66
356,Kim,TJ,2022-08-11 05:02:52,40.208,70.4688,82.89,20,5,16.98
357,Carballo,ES,2022-08-11 05:02:52,43.213,-8.691,65.62,95,51,1.92
358,Jurm,AF,2022-08-11 05:02:53,36.8648,70.8342,77.04,31,0,5.01
359,Ojinaga,MX,2022-08-11 05:02:53,29.5667,-104.4167,90.41,37,0,11.5
360,Knysna,ZA,2022-08-11 05:02:53,-34.0363,23.0471,54.37,93,98,4.18
361,Lorengau,PG,2022-08-11 05:01:21,-2.0226,147.2712,84.18,69,77,2.04
362,Roma,US,2022-08-11 05:00:02,43.2128,-75.4557,64.67,93,43,1.01
363,Dukat,RU,2022-08-11 05:03:54,62.55,155.55,56.91,66,100,7.7
364,Arraial Do Cabo,BR,2022-08-11 05:03:18,-22.9661,-42.0278,68.18,56,56,25.79
365,Abu Kamal,SY,2022-08-11 05:03:54,34.4506,40.9171,83.77,40,0,14.07
366,Kpandae,GH,2022-08-11 05:03:55,8.4689,-0.0113,71.04,95,100,6.26
367,Pringsewu,ID,2022-08-11 05:03:55,-5.3582,104.9744,89.64,53,42,3.76
368,Gull Lake,CA,2022-08-11 05:03:55,50.1001,-108.4847,76.98,33,100,13.47
369,College,US,2022-08-11 05:03:56,64.8569,-147.8028,64.38,48,20,3.44
370,Zaysan,KZ,2022-08-11 05:03:56,47.4667,84.8667,89.31,19,0,11.45
371,Cuamba,MZ,2022-08-11 05:02:16,-14.8031,36.5372,64.67,68,0,1.39
372,La Rochelle,FR,2022-08-11 05:03:56,46.1667,-1.15,66.87,48,0,8.05
373,Lavrentiya,RU,2022-08-11 05:03:57,65.5833,-171.0,47.44,87,64,4.76
374,Forio,IT,2022-08-11 05:03:57,40.7342,13.8646,77.43,77,15,8.01
375,Port Blair,IN,2022-08-11 05:03:57,11.6667,92.75,84.29,72,100,17.18
376,Rodas,CU,2022-08-11 05:03:58,22.3408,-80.5572,74.59,91,65,7.02
377,Praia Da Vitoria,PT,2022-08-11 05:03:58,38.7333,-27.0667,68.76,85,39,9.86
378,Shingu,JP,2022-08-11 05:03:58,33.7333,135.9833,86.95,66,76,6.31
379,Lashio,MM,2022-08-11 05:03:59,22.9333,97.75,84.65,57,56,3.15
380,San Luis,AR,2022-08-11 05:03:59,-33.295,-66.3356,47.3,50,0,3.91
381,Abyek,IR,2022-08-11 05:03:59,36.0667,50.55,76.17,49,0,4.29
382,Ola,RU,2022-08-11 05:04:00,59.5833,151.2833,64.15,79,100,2.95
383,Del Rio,US,2022-08-11 05:04:00,29.3627,-100.8968,86.11,50,0,11.5
384,Ballina,AU,2022-08-11 05:04:00,-28.8667,153.5667,64.78,83,81,5.59
385,Siyabuswa,ZA,2022-08-11 05:04:01,-25.1132,29.0445,53.62,45,0,1.92
386,Santa Clara,CU,2022-08-11 05:04:01,22.4,-79.9667,74.86,94,20,5.75
387,Murgab,TM,2022-08-11 05:04:01,37.4966,61.9714,87.6,19,0,11.97
388,Baykit,RU,2022-08-11 05:04:02,61.67,96.37,66.34,37,59,10.13
389,Huarmey,PE,2022-08-11 05:04:02,-10.0681,-78.1522,61.57,86,39,5.08
390,Singaraja,ID,2022-08-11 05:04:03,-8.112,115.0882,82.99,77,86,2.15
391,Moose Factory,CA,2022-08-11 05:04:03,51.2585,-80.6094,55.85,68,100,12.03
392,Pyinmana,MM,2022-08-11 05:04:03,19.7333,96.2167,85.01,72,29,4.9
393,Alpinopolis,BR,2022-08-11 05:04:04,-20.8636,-46.3881,45.75,74,79,4.83
394,Pampierstad,ZA,2022-08-11 05:04:04,-27.7832,24.6877,52.81,30,52,5.32
395,Kloulklubed,PW,2022-08-11 05:04:05,7.0419,134.2556,77.5,67,33,2.01
396,Kokstad,ZA,2022-08-11 05:03:20,-30.5472,29.4241,48.56,57,74,4.34
397,Nabire,ID,2022-08-11 05:04:05,-3.3667,135.4833,77.29,86,100,1.03
398,Nguruka,TZ,2022-08-11 05:04:06,-5.1092,31.0419,66.74,43,36,6.82
399,Taltal,CL,2022-08-11 05:04:06,-25.4,-70.4833,56.77,76,55,1.86
400,Birjand,IR,2022-08-11 05:04:07,32.8663,59.2211,76.12,24,0,16.67
401,Bilibino,RU,2022-08-11 05:04:07,68.0546,166.4372,74.26,48,43,11.14
402,Comitancillo,GT,2022-08-11 05:04:08,15.0833,-91.7167,58.82,96,100,1.16
403,Barra,BR,2022-08-11 05:04:08,-11.0894,-43.1417,69.48,47,0,6.96
404,Kempele,FI,2022-08-11 05:04:08,64.9131,25.5034,62.62,82,100,5.75
405,Cravo Norte,CO,2022-08-11 05:04:08,6.3017,-70.2041,71.92,96,86,1.12
406,Bekhteyevka,RU,2022-08-11 05:04:09,50.8072,37.2085,67.1,72,100,15.12
407,Urucara,BR,2022-08-11 05:04:09,-2.5364,-57.76,73.13,62,95,0.63
408,Omsukchan,RU,2022-08-11 05:04:09,62.5333,155.8,58.53,67,100,9.57
409,Coquimbo,CL,2022-08-11 05:04:02,-29.9533,-71.3436,49.73,100,95,0.0
410,Karachi,PK,2022-08-11 05:05:10,24.9056,67.0822,89.42,79,75,4.61
411,Saint-Joseph,RE,2022-08-11 05:05:10,-21.3667,55.6167,69.21,76,47,16.82
412,Koygorodok,RU,2022-08-11 05:05:11,60.445,50.9968,57.63,84,95,7.14
413,Acapulco,MX,2022-08-11 05:00:19,16.8634,-99.8901,81.09,80,100,2.89
414,Phek,IN,2022-08-11 05:05:11,25.6667,94.5,79.72,49,42,1.28
415,Luocheng,CN,2022-08-11 05:05:11,29.3848,104.0286,95.38,50,56,2.93
416,Togur,RU,2022-08-11 05:05:12,58.3631,82.8265,63.84,59,51,10.74
417,Marienburg,PL,2022-08-11 05:05:12,54.0359,19.0266,64.87,72,79,1.92
418,Mayo,US,2022-08-11 05:05:12,38.8876,-76.5119,74.95,93,20,4.61
419,Champerico,GT,2022-08-11 05:05:13,14.3,-91.9167,78.17,76,99,6.64
420,Codrington,AU,2022-08-11 05:05:13,-38.2667,141.9667,57.96,62,86,13.87
421,Tuy Hoa,VN,2022-08-11 05:05:13,13.0833,109.3,90.63,55,90,7.54
422,Hamilton,US,2022-08-11 05:05:14,39.1834,-84.5333,71.67,92,0,6.91
423,Beloha,MG,2022-08-11 05:05:14,-25.1667,45.05,66.67,53,0,12.03
424,Kamaishi,JP,2022-08-11 05:05:14,39.2667,141.8833,81.1,84,93,8.03
425,Melfi,IT,2022-08-11 05:05:15,40.9965,15.6514,61.48,72,33,2.89
426,Narok,KE,2022-08-11 05:05:15,-1.0783,35.8601,58.06,82,100,8.63
427,Severnoye,RU,2022-08-11 05:05:15,56.3491,78.3619,72.27,73,53,10.09
428,Henties Bay,NA,2022-08-11 05:05:16,-22.116,14.2845,51.58,90,3,2.33
429,Villanueva De La Serena,ES,2022-08-11 05:05:16,38.9766,-5.7974,66.85,64,0,1.48
430,Shelburne,CA,2022-08-11 05:05:16,44.0787,-80.2041,65.12,80,4,8.41
431,Pedasi,PA,2022-08-11 05:05:17,7.5333,-80.0333,78.06,83,100,4.21
432,Iskateley,RU,2022-08-11 05:05:17,67.6803,53.1512,60.49,61,100,13.29
433,Lasa,IT,2022-08-11 05:05:17,46.6166,10.7002,60.69,93,40,1.03
434,Pryazha,RU,2022-08-11 05:05:18,61.6926,33.6216,61.93,76,100,9.44
435,Coihaique,CL,2022-08-11 05:05:18,-45.5752,-72.0662,40.95,81,0,3.44
436,Maceio,BR,2022-08-11 05:04:11,-9.6658,-35.7353,71.04,88,20,3.44
437,Jalu,LY,2022-08-11 05:05:18,29.0331,21.5482,77.81,34,0,6.67
438,Katangli,RU,2022-08-11 05:05:19,51.7102,143.2326,62.55,74,64,8.08
439,Kyra,RU,2022-08-11 05:05:19,49.5776,111.9753,69.66,50,74,5.17
440,Naila,DE,2022-08-11 05:05:19,50.3167,11.7,58.05,71,0,3.0
441,Uige,AO,2022-08-11 05:05:20,-7.6087,15.0613,59.68,93,23,3.58
442,Krasnoselkup,RU,2022-08-11 05:05:20,65.7,82.4667,59.59,46,74,12.91
443,Bogo,PH,2022-08-11 05:05:20,11.0517,124.0055,86.95,66,19,2.24
444,Muscat,OM,2022-08-11 05:02:02,23.6139,58.5922,94.12,57,100,4.52
445,Salinopolis,BR,2022-08-11 05:05:21,-0.6136,-47.3561,77.97,85,76,9.42
446,Fairbanks,US,2022-08-11 05:05:21,64.8378,-147.7164,64.4,50,0,3.44
447,Cabreuva,BR,2022-08-11 05:00:47,-23.3075,-47.1328,56.59,94,100,6.31
448,Bunia,CD,2022-08-11 05:00:22,1.5667,30.25,64.44,92,100,4.34
449,Coahuayana,MX,2022-08-11 05:05:22,18.7333,-103.6833,78.42,87,100,3.13
450,Chipping Sodbury,GB,2022-08-11 05:05:22,51.5381,-2.3938,65.52,70,0,4.29
451,Adrar,MR,2022-08-11 05:05:22,20.5022,-10.0711,89.11,33,82,6.13
452,Pacific Grove,US,2022-08-11 05:05:23,36.6177,-121.9166,64.51,87,0,8.05
453,Fort Nelson,CA,2022-08-11 05:04:47,58.8053,-122.7002,66.54,59,95,5.82
454,Diamantino,BR,2022-08-11 05:05:23,-14.4086,-56.4461,57.74,57,99,3.51
455,High Level,CA,2022-08-11 05:00:51,58.5169,-117.136,65.34,53,10,1.25
456,Saint-Pierre,RE,2022-08-11 05:05:23,-21.3393,55.4781,70.29,64,20,18.41
457,Hato,CO,2022-08-11 05:06:24,6.543,-73.3083,61.47,97,82,2.66
458,Artyom,AZ,2022-08-11 05:06:24,40.4723,50.333,87.94,59,0,9.42
459,Petropavlovsk-Kamchatskiy,RU,2022-08-11 05:06:24,53.0452,158.6483,64.99,68,75,8.95
460,Raudeberg,NO,2022-08-11 05:06:25,61.9875,5.1352,56.07,91,100,20.22
461,Port Hawkesbury,CA,2022-08-11 05:06:25,45.6169,-61.3485,62.62,97,100,4.61
462,Jaciara,BR,2022-08-11 05:06:25,-15.9653,-54.9683,54.9,56,100,3.51
463,Gambela,ET,2022-08-11 05:06:26,8.25,34.5833,69.66,97,100,4.99
464,Saquarema,BR,2022-08-11 05:06:26,-22.92,-42.5103,64.81,60,42,19.62
465,Deloraine,AU,2022-08-11 05:06:26,-41.5333,146.6667,54.39,75,100,2.82
466,Dingle,PH,2022-08-11 05:06:27,10.9995,122.6711,86.61,69,72,5.84
467,Sandanski,BG,2022-08-11 05:06:27,41.5667,23.2833,70.32,63,49,4.74
468,Copiapo,CL,2022-08-11 05:06:27,-27.3667,-70.3333,47.89,45,92,1.36
469,Kidal,ML,2022-08-11 05:06:28,18.4411,1.4078,87.37,39,49,7.23
470,Le Port,RE,2022-08-11 05:06:28,-20.9373,55.2919,71.62,62,19,6.06
471,Marathon,US,2022-08-11 05:02:10,44.9,-89.7668,64.15,73,0,5.75
472,Hauterive,FR,2022-08-11 05:03:57,46.0901,3.4459,57.96,52,0,2.26
473,Kapit,MY,2022-08-11 05:06:29,2.0167,112.9333,94.41,49,43,1.92
474,Olafsvik,IS,2022-08-11 05:06:29,64.8945,-23.7142,49.14,80,100,8.34
475,Aquiraz,BR,2022-08-11 05:06:29,-3.9014,-38.3911,75.29,83,15,9.66
476,Ayan,RU,2022-08-11 05:06:30,56.45,138.1667,55.78,94,100,8.37
477,Alpine,US,2022-08-11 05:06:30,32.835,-116.7664,75.96,54,0,0.0
478,Chiman,PK,2022-08-11 05:06:30,32.5463,73.8138,86.38,73,97,8.34
479,Mafinga,TZ,2022-08-11 05:05:08,-7.25,35.0667,64.36,57,99,3.76
480,Atambua,ID,2022-08-11 05:06:31,-9.1061,124.8925,82.67,56,47,2.46
481,Palana,RU,2022-08-11 05:06:31,59.1167,159.9667,52.88,90,100,3.78
482,Kataysk,RU,2022-08-11 05:06:31,56.289,62.5841,77.13,55,24,6.87
483,Belaya Gora,RU,2022-08-11 05:06:32,68.5333,146.4167,70.79,52,87,8.55
484,Novovorontsovka,UA,2022-08-11 05:06:32,47.5004,33.9175,76.93,50,52,13.35
485,Eydhafushi,MV,2022-08-11 05:06:32,5.1033,73.0708,81.82,80,44,10.42
486,Santa Rosa,PH,2022-08-11 05:06:33,14.3122,121.1114,90.09,64,99,5.93
487,Luderitz,NA,2022-08-11 05:06:33,-26.6481,15.1594,53.8,65,6,10.36
488,Macas,EC,2022-08-11 05:01:33,-2.3167,-78.1167,64.36,98,100,2.51
489,Bilma,NE,2022-08-11 05:06:34,18.6853,12.9164,91.33,15,64,18.72
490,Touros,BR,2022-08-11 05:06:34,-5.1989,-35.4608,72.75,91,47,8.95
491,Sweetwater,US,2022-08-11 05:06:34,25.7634,-80.3731,84.22,81,20,10.36
492,Araouane,ML,2022-08-11 05:06:35,18.9048,-3.5265,91.31,39,11,7.9
493,Half Moon Bay,US,2022-08-11 05:06:35,37.4636,-122.4286,67.91,83,100,18.41
494,Isangel,VU,2022-08-11 05:06:35,-19.55,169.2667,71.96,57,1,15.52
495,Linjiang,CN,2022-08-11 05:06:35,41.8069,126.9078,82.89,42,48,5.86
496,Los Llanos De Aridane,ES,2022-08-11 05:06:36,28.6585,-17.9182,66.13,93,0,4.61
497,Jacqueville,CI,2022-08-11 05:06:36,5.2052,-4.4146,75.04,87,98,11.1
498,Ranfurly,NZ,2022-08-11 05:06:36,-45.1333,170.1,39.11,70,62,2.64
499,Whitefish,US,2022-08-11 05:06:37,48.4111,-114.3376,70.77,81,0,0.0
500,Saint-Francois,FR,2022-08-11 05:05:10,46.4154,3.9054,55.67,87,0,2.3
501,Liku,ID,2022-08-11 05:06:37,-0.7275,119.8922,86.22,66,89,2.89
502,El Alto,PE,2022-08-11 05:06:38,-4.2714,-81.2147,60.58,88,97,13.15
503,Parry Sound,CA,2022-08-11 05:06:38,45.3501,-80.033,62.62,81,27,9.26
504,Lalmohan,BD,2022-08-11 05:06:38,22.3384,90.7419,81.07,85,98,25.86
505,Ancud,CL,2022-08-11 05:07:38,-41.8697,-73.8203,51.22,95,100,14.34
506,Biltine,TD,2022-08-11 05:07:39,14.5333,20.9167,78.71,72,98,4.36
507,Fasa,IR,2022-08-11 05:02:57,28.9383,53.6482,92.93,19,14,4.07
508,Nowy Sacz,PL,2022-08-11 05:07:39,49.6218,20.6971,57.81,71,82,1.95
509,Ayame,CI,2022-08-11 05:07:40,5.6083,-3.1563,70.25,96,87,3.24
510,Florian,CO,2022-08-11 05:07:40,5.8049,-73.9703,57.81,85,38,5.64
511,Kedougou,SN,2022-08-11 05:07:40,12.5579,-12.1743,74.79,95,98,2.66
512,Sabang,ID,2022-08-11 05:07:41,5.8933,95.3214,82.18,71,94,8.03
513,Dwarka,IN,2022-08-11 05:07:41,22.2394,68.9678,84.97,77,100,8.75
514,Targu Ocna,RO,2022-08-11 05:07:41,46.2833,26.6167,61.12,77,4,5.08
515,Lieksa,FI,2022-08-11 05:07:42,63.3167,30.0167,61.34,82,100,14.45
516,Laguna,US,2022-08-11 05:07:42,38.421,-121.4238,77.31,59,0,9.22
517,Chihuahua,MX,2022-08-11 05:07:42,28.5,-106.0,78.37,41,66,1.14
518,Springfield,US,2022-08-11 05:05:22,37.2153,-93.2982,71.46,79,0,9.22
519,Avera,US,2022-08-11 05:07:43,33.194,-82.5271,71.65,68,100,3.27
520,Hokitika,NZ,2022-08-11 05:07:43,-42.7167,170.9667,49.78,55,2,1.61
521,Saldanha,ZA,2022-08-11 05:05:07,-33.0117,17.9442,54.91,90,100,2.98
522,Mumbwa,ZM,2022-08-11 05:07:44,-14.9783,27.0619,57.65,46,0,4.7
523,Staraya Poltavka,RU,2022-08-11 05:07:44,50.4772,46.4814,80.24,39,79,12.19
524,Tomigusuku,JP,2022-08-11 05:07:44,26.185,127.675,87.93,76,75,5.75
525,Boma,GH,2022-08-11 05:07:45,7.0805,-2.1697,69.13,97,85,2.24
526,Chaohu,CN,2022-08-11 05:07:45,31.6,117.8667,98.83,44,82,11.18
527,Arlit,NE,2022-08-11 05:07:45,18.7369,7.3853,93.36,32,60,9.98
528,Santa Cruz,BO,2022-08-11 05:07:24,-17.8,-63.1667,51.57,41,0,2.82
529,Palma,ES,2022-08-11 05:03:12,39.5694,2.6502,76.21,75,0,4.0
530,Maragogi,BR,2022-08-11 05:07:46,-9.0122,-35.2225,70.95,89,21,2.64
531,Nago,JP,2022-08-11 05:07:46,26.5881,127.9761,88.23,70,95,1.45
532,Dudinka,RU,2022-08-11 05:07:46,69.4058,86.1778,52.63,57,100,6.35
533,Svetlogorsk,BY,2022-08-11 05:07:47,52.6333,29.7333,62.06,73,65,10.2
534,Vilhena,BR,2022-08-11 05:07:47,-12.7406,-60.1458,56.84,65,4,3.78
535,Keith,GB,2022-08-11 05:07:47,57.5363,-2.9481,54.88,76,4,4.94
536,Samana,DO,2022-08-11 05:07:48,19.2056,-69.3369,77.9,88,89,8.16
537,Tucuma,BR,2022-08-11 05:05:21,-0.1833,-50.05,75.65,92,60,4.85
538,Kahului,US,2022-08-11 05:03:03,20.8947,-156.47,80.62,74,20,20.71
539,Lang Son,VN,2022-08-11 05:07:48,21.8333,106.7333,74.52,95,100,4.54
540,Dalnerechensk,RU,2022-08-11 05:07:49,45.9339,133.7225,77.61,63,69,11.86
541,Zhezkazgan,KZ,2022-08-11 05:07:49,47.8043,67.7144,73.38,53,20,13.42
542,Wuan,CN,2022-08-11 05:07:49,31.6836,112.0044,103.51,33,89,16.87
543,Manado,ID,2022-08-11 05:07:19,1.487,124.8455,88.57,66,40,4.61
544,Kintampo,GH,2022-08-11 05:07:50,8.0563,-1.7306,70.36,89,85,7.16
545,Puerto Madryn,AR,2022-08-11 05:07:50,-42.7692,-65.0385,49.06,55,20,10.16
546,Alyangula,AU,2022-08-11 05:07:51,-13.8483,136.4192,78.82,71,79,12.1
547,Kursk,RU,2022-08-11 05:05:25,51.7303,36.1939,66.74,88,0,8.99
548,Bislig,PH,2022-08-11 05:07:51,8.2167,126.2833,83.44,82,96,5.44
549,Atasu,KZ,2022-08-11 05:08:51,48.6814,71.6433,69.66,54,79,11.7
550,Tam Ky,VN,2022-08-11 05:08:52,15.5667,108.4833,83.77,76,100,5.46
551,Araguari,BR,2022-08-11 05:05:07,-18.6472,-48.1872,47.68,62,90,5.48
552,Lazaro Cardenas,MX,2022-08-11 05:08:03,17.9583,-102.2,79.9,78,100,2.48
553,Jiayuguan,CN,2022-08-11 05:08:52,39.8167,98.3,86.32,38,56,11.5
554,Iralaya,HN,2022-08-11 05:08:53,15.0,-83.2333,80.28,88,100,10.98
555,Kelvington,CA,2022-08-11 05:08:53,52.1667,-103.5343,59.85,57,97,9.01
556,Liverpool,GB,2022-08-11 05:08:53,53.4106,-2.9779,60.62,87,0,4.61
557,Mandalgovi,MN,2022-08-11 05:08:54,45.7625,106.2708,76.06,37,42,9.78
558,Hasaki,JP,2022-08-11 05:08:54,35.7333,140.8333,95.29,80,53,23.82
559,Burnie,AU,2022-08-11 05:08:54,-41.0667,145.9167,52.95,89,100,12.75
560,Warkworth,NZ,2022-08-11 05:08:55,-36.4,174.6667,55.44,65,25,8.48
561,Douglas,US,2022-08-11 05:07:46,41.3,-96.167,78.67,72,0,4.61
562,Seoul,KR,2022-08-11 05:05:32,37.5683,126.9778,78.24,91,100,3.85
563,Hobyo,SO,2022-08-11 05:08:55,5.3505,48.5268,78.39,75,80,22.26
564,Khipro,PK,2022-08-11 05:08:55,25.8285,69.3772,97.74,48,79,11.79
565,Tra Vinh,VN,2022-08-11 05:04:42,9.9347,106.3453,81.82,78,100,8.16
566,Sao Joao Da Barra,BR,2022-08-11 05:04:30,-21.6403,-41.0511,70.03,45,88,21.12
567,Gornopravdinsk,RU,2022-08-11 05:08:56,60.05,69.9,71.69,43,55,5.23
568,Tabou,CI,2022-08-11 05:08:56,4.423,-7.3528,73.62,83,77,6.35
569,Port Keats,AU,2022-08-11 05:08:57,-14.25,129.55,84.88,49,10,11.01
570,Bukachacha,RU,2022-08-11 05:08:57,52.9833,116.9167,68.31,49,96,6.13
